step,seconds,minutes
split data,0.01860180008225143,0.00031003000137085713
build hardcoded clusters,0.00781260000076145,0.00013021000001269082
feature extraction,426.35673330002464,7.105945555000411
KNN cross validation,5.977655499940738,0.09962759166567897
validation KNN fit plus prediction,0.14968999999109656,0.0024948333331849424
final KNN fit plus test prediction,0.04862419993150979,0.0008104033321918298
total pipeline,432.61597889999393,7.210266314999899
