{
  "hparams": {
    "d_model": 128,
    "lr": 0.001,
    "weight_decay": 0.0001,
    "gat_dropout": 0.1,
    "mlp_hidden": 128,
    "final_dropout": 0.2
  },
  "n_params": 890617,
  "har_blend_weight": 0.6294075846672058,
  "stock_bias": {
    "mean": 0.04068731889128685,
    "std": 0.056277964264154434,
    "min": -0.31867486238479614,
    "max": 0.12277539074420929
  },
  "spread_weights": {
    "mean": 1.0,
    "std": 0.0330544076859951,
    "max": 1.102403998374939,
    "argmax": 33
  },
  "spread_diagnostic": {
    "pred_std": 0.6439025402069092,
    "true_std": 0.7034769654273987
  },
  "loss": "0.3*RMSPE+0.5*QLIKE+0.2*spread(per-stock-adaptive)",
  "global_ctx": "deviation_from_mean",
  "test_metrics": {
    "QLIKE": 0.07267751544713974,
    "RMSE": 0.0007669868064112961,
    "MAPE%": 24.514549255371094,
    "RMSPE%": 41.295562744140625,
    "MAE_log": 0.2573639154434204,
    "MSE_log_rv": 0.1238517314195633,
    "MSE_rv": 5.882687901248573e-07
  }
}