{
  "model": "GARCH(1,1)",
  "n_folds": 5,
  "rv_eval_floor": 0.0001,
  "total_min": 42.842122360000694,
  "per_fold": [
    {
      "fold": 0,
      "rows_raw": 85717,
      "rows_eval": 85717,
      "fallback_pct": 0.0,
      "elapsed_min": 12.371894436666237,
      "garch_QLIKE": 0.0559540827988889,
      "garch_RMSPE%": 70.44517003952673,
      "garch_MAPE%": 31.91707793075488,
      "garch_RMSE": 0.0011645575263533184,
      "garch_MSE_rv": 1.3561942321861601e-06,
      "garch_MAE_log": 0.25646635673338275,
      "garch_MSE_log_rv": 0.12845613898684904,
      "last_QLIKE": 0.26880897502752654,
      "last_RMSPE%": 170.77779715627744,
      "last_MAPE%": 134.62395225028507,
      "last_RMSE": 0.002960759634626991,
      "last_MSE_rv": 8.766097614036554e-06,
      "last_MAE_log": 0.7948340426790818,
      "last_MSE_log_rv": 0.7345999486175205,
      "scaled_QLIKE": 0.052946349667032384,
      "scaled_RMSPE%": 55.43706304566258,
      "scaled_MAPE%": 30.036777257143328,
      "scaled_RMSE": 0.0008125596847629649,
      "scaled_MSE_rv": 6.602532413020889e-07,
      "scaled_MAE_log": 0.250576335607674,
      "scaled_MSE_log_rv": 0.11776712263936803
    },
    {
      "fold": 1,
      "rows_raw": 85700,
      "rows_eval": 85700,
      "fallback_pct": 0.0,
      "elapsed_min": 12.827833026666001,
      "garch_QLIKE": 0.055391605235811416,
      "garch_RMSPE%": 64.8464474582196,
      "garch_MAPE%": 31.577308220660715,
      "garch_RMSE": 0.0011193126433030403,
      "garch_MSE_rv": 1.2528607934580393e-06,
      "garch_MAE_log": 0.25530772493091214,
      "garch_MSE_log_rv": 0.1266358441273983,
      "last_QLIKE": 0.2677914368018724,
      "last_RMSPE%": 168.6945327116559,
      "last_MAPE%": 134.06496374599774,
      "last_RMSE": 0.00303480896462847,
      "last_MSE_rv": 9.210065451789325e-06,
      "last_MAE_log": 0.7931848459329631,
      "last_MSE_log_rv": 0.7310997645667533,
      "scaled_QLIKE": 0.05251766496873144,
      "scaled_RMSPE%": 54.07675314189326,
      "scaled_MAPE%": 29.844680835657982,
      "scaled_RMSE": 0.0008188520315924447,
      "scaled_MSE_rv": 6.70518649643074e-07,
      "scaled_MAE_log": 0.24993159647358668,
      "scaled_MSE_log_rv": 0.11649387041754433
    },
    {
      "fold": 2,
      "rows_raw": 85705,
      "rows_eval": 85705,
      "fallback_pct": 0.0,
      "elapsed_min": 5.8842081383336335,
      "garch_QLIKE": 0.054570973652002364,
      "garch_RMSPE%": 66.07227241600152,
      "garch_MAPE%": 31.416071754254304,
      "garch_RMSE": 0.0011586380956079658,
      "garch_MSE_rv": 1.3424422365940538e-06,
      "garch_MAE_log": 0.25322050433211946,
      "garch_MSE_log_rv": 0.1257072232264255,
      "last_QLIKE": 0.2659402144754609,
      "last_RMSPE%": 170.50218012627914,
      "last_MAPE%": 133.47423448887403,
      "last_RMSE": 0.0029786379423921393,
      "last_MSE_rv": 8.872283991858078e-06,
      "last_MAE_log": 0.789791717648434,
      "last_MSE_log_rv": 0.7261503300903888,
      "scaled_QLIKE": 0.05174753171732772,
      "scaled_RMSPE%": 55.727135346648446,
      "scaled_MAPE%": 29.66323762352971,
      "scaled_RMSE": 0.0008273683692879418,
      "scaled_MSE_rv": 6.84538418498188e-07,
      "scaled_MAE_log": 0.24782044824663352,
      "scaled_MSE_log_rv": 0.11560948270201488
    },
    {
      "fold": 3,
      "rows_raw": 85709,
      "rows_eval": 85709,
      "fallback_pct": 0.0,
      "elapsed_min": 6.736863650000305,
      "garch_QLIKE": 0.05466088142214412,
      "garch_RMSPE%": 66.49593972019704,
      "garch_MAPE%": 31.523530705673625,
      "garch_RMSE": 0.001099232182357453,
      "garch_MSE_rv": 1.208311390730329e-06,
      "garch_MAE_log": 0.2538860602935096,
      "garch_MSE_log_rv": 0.12577201226293155,
      "last_QLIKE": 0.26758040738984934,
      "last_RMSPE%": 166.39190653693578,
      "last_MAPE%": 133.89076317700983,
      "last_RMSE": 0.0029845817431406333,
      "last_MSE_rv": 8.90772818148838e-06,
      "last_MAE_log": 0.7933034106277981,
      "last_MSE_log_rv": 0.7301646655516463,
      "scaled_QLIKE": 0.05147805794470681,
      "scaled_RMSPE%": 52.327546301274474,
      "scaled_MAPE%": 29.59521539172839,
      "scaled_RMSE": 0.00081015299354951,
      "scaled_MSE_rv": 6.563478729572323e-07,
      "scaled_MAE_log": 0.24794194353424595,
      "scaled_MSE_log_rv": 0.11470266781508749
    },
    {
      "fold": 4,
      "rows_raw": 85682,
      "rows_eval": 85682,
      "fallback_pct": 0.0,
      "elapsed_min": 4.911745165000321,
      "garch_QLIKE": 0.05569376218322435,
      "garch_RMSPE%": 66.9408650660287,
      "garch_MAPE%": 31.943881943901577,
      "garch_RMSE": 0.001346345341635581,
      "garch_MSE_rv": 1.8126457789438294e-06,
      "garch_MAE_log": 0.2563719365281847,
      "garch_MSE_log_rv": 0.12846811079127393,
      "last_QLIKE": 0.268500459137006,
      "last_RMSPE%": 171.83874074183143,
      "last_MAPE%": 134.5805719321989,
      "last_RMSE": 0.003214082503679357,
      "last_MSE_rv": 1.0330326340457762e-05,
      "last_MAE_log": 0.7942222066713901,
      "last_MSE_log_rv": 0.7340266394153648,
      "scaled_QLIKE": 0.05269607584810325,
      "scaled_RMSPE%": 56.26351986071283,
      "scaled_MAPE%": 30.080846040044783,
      "scaled_RMSE": 0.0008861801214919728,
      "scaled_MSE_rv": 7.853152077275277e-07,
      "scaled_MAE_log": 0.2507578965177347,
      "scaled_MSE_log_rv": 0.11770224793198401
    }
  ],
  "mean_metrics": {
    "QLIKE": 0.05525426105841423,
    "RMSPE%": 66.96013893999472,
    "MAPE%": 31.67557411104902,
    "RMSE": 0.0011776171578514716,
    "MSE_rv": 1.3944908863824823e-06,
    "MAE_log": 0.2550505165636217,
    "MSE_log_rv": 0.12700786587897567
  },
  "std_metrics": {
    "QLIKE": 0.0006165947215790075,
    "RMSPE%": 2.098647946127469,
    "MAPE%": 0.2400146056058466,
    "RMSE": 9.816259417609229e-05,
    "MSE_rv": 2.417390626602884e-07,
    "MAE_log": 0.0014596072610217892,
    "MSE_log_rv": 0.001377245062838393
  }
}