{"qlike": {"HAR-X": [0.051824051709791034, 0.05118255483781717, 0.05085102987185685, 0.04975870457908644, 0.05199567724089681], "QLIKE-LGB": [0.04540221758701555, 0.04511314002943748, 0.04488833616269363, 0.04395170402821533, 0.045529429715597404], "GNN": [0.07444478343304366, 0.07274398406666431, 0.07267760032699877, 0.0716896974515654, 0.07074943370348566], "GARCH": [0.05668027637977564, 0.05671533168725675, 0.05602051748842404, 0.05557943859340108, 0.05706785126600453]}, "rmspe": {"HAR-X": [0.5106335958357052, 0.5555372781980666, 0.5473073855388331, 0.4962383724329489, 0.5927649794636796], "QLIKE-LGB": [0.5101221160351394, 0.5668544523933359, 0.551547817302082, 0.5160487522440553, 0.6007816942480089], "GNN": [0.3870159003944543, 0.42551989151764824, 0.4129610244878042, 0.3788810252504762, 0.4518901034570389], "GARCH": [0.8459853673799396, 1.7727062943911331, 0.9606857064444749, 1.783324683775278, 0.9558030499282584]}}