{
  "hparams": {
    "d_model": 128,
    "lr": 0.001,
    "weight_decay": 0.0001,
    "gat_dropout": 0.1,
    "mlp_hidden": 128,
    "final_dropout": 0.2
  },
  "n_params": 890617,
  "har_blend_weight": 0.602226734161377,
  "stock_bias": {
    "mean": 0.03369508683681488,
    "std": 0.060492876917123795,
    "min": -0.3585631847381592,
    "max": 0.10220430791378021
  },
  "spread_weights": {
    "mean": 1.0000001192092896,
    "std": 0.03378593176603317,
    "max": 1.1081619262695312,
    "argmax": 33
  },
  "spread_diagnostic": {
    "pred_std": 0.6518345475196838,
    "true_std": 0.7100630402565002
  },
  "loss": "0.3*RMSPE+0.5*QLIKE+0.2*spread(per-stock-adaptive)",
  "global_ctx": "deviation_from_mean",
  "test_metrics": {
    "QLIKE": 0.07444479316473007,
    "RMSE": 0.0007555569754913449,
    "MAPE%": 24.496980667114258,
    "RMSPE%": 38.70161437988281,
    "MAE_log": 0.2588186264038086,
    "MSE_log_rv": 0.12545351684093475,
    "MSE_rv": 5.708663479708775e-07
  }
}