{
  "hparams": {
    "d_model": 128,
    "lr": 0.001,
    "weight_decay": 0.0001,
    "gat_dropout": 0.1,
    "mlp_hidden": 128,
    "final_dropout": 0.2
  },
  "n_params": 890617,
  "har_blend_weight": 0.6259082555770874,
  "stock_bias": {
    "mean": 0.03223612904548645,
    "std": 0.052843399345874786,
    "min": -0.25256553292274475,
    "max": 0.10733821988105774
  },
  "spread_weights": {
    "mean": 0.9999999403953552,
    "std": 0.03501537814736366,
    "max": 1.1022212505340576,
    "argmax": 33
  },
  "spread_diagnostic": {
    "pred_std": 0.6696996688842773,
    "true_std": 0.7258185744285583
  },
  "loss": "0.3*RMSPE+0.5*QLIKE+0.2*spread(per-stock-adaptive)",
  "global_ctx": "deviation_from_mean",
  "test_metrics": {
    "QLIKE": 0.07074939459562302,
    "RMSE": 0.0008065714500844479,
    "MAPE%": 24.697784423828125,
    "RMSPE%": 45.188961029052734,
    "MAE_log": 0.2552180290222168,
    "MSE_log_rv": 0.12210778892040253,
    "MSE_rv": 6.505575242954365e-07
  }
}